做瘦子的N个好处|data/000做瘦子的N个好处|0|0|1352367386|1352367386|1
导致肥胖的常见原因|data/001导致肥胖的常见原因|0|0|1352380554|1352380554|1
减肥的基本方法|data/002减肥的基本方法|0|0|1352368343|1352368343|1
减肥的八大常识|data/003减肥的八大常识|0|0|1352381096|1352381096|1
正确测量体重的方法|data/004正确测量体重的方法|0|0|1352377066|1352377066|1
要么瘦，要么死---小S的减肥励志格言|data/005要么瘦，要么死---小S的减肥励志格言|0|0|1352365565|1352365565|1
科学合理的瘦身减肥方法|data/000科学合理的瘦身减肥方法|0|0|1352203219|1352203219|2
自我监控——成功减肥的保证|data/001自我监控——成功减肥的保证|0|0|1352430780|1352430780|2
四大经典减肥方法|data/002四大经典减肥方法|0|0|1352343278|1352343278|2
八大流行减肥法对比|data/003八大流行减肥法对比|0|0|1352435065|1352435065|2
一日瘦身时刻表 从早到晚瘦不停|data/004一日瘦身时刻表 从早到晚瘦不停|0|0|1352432860|1352432860|2
详细一周减肥计划|data/005详细一周减肥计划|0|0|1352431865|1352431865|2
十二个减肥小妙招 让你每天瘦一点|data/006十二个减肥小妙招 让你每天瘦一点|0|0|1352343933|1352343933|2
局部暴瘦减肥法|data/007局部暴瘦减肥法|0|0|1352172088|1352172088|2
过午不食减肥法|data/008过午不食减肥法|0|0|1352270826|1352270826|2
呼吸减肥方法 甩掉脂肪不费力|data/009呼吸减肥方法 甩掉脂肪不费力|0|0|1352431347|1352431347|2
三日苹果减肥法|data/010三日苹果减肥法|0|0|1352269730|1352269730|2
二十一天减肥法|data/011二十一天减肥法|0|0|1352440792|1352440792|2
日本睡眠减肥法|data/012日本睡眠减肥法|0|0|1352441034|1352441034|2
十粒米瘦身法|data/013十粒米瘦身法|0|0|1352441502|1352441502|2
喝水减肥法|data/014喝水减肥法|0|0|1352441560|1352441560|2
黑咖啡减肥法|data/015黑咖啡减肥法|0|0|1352441608|1352441608|2
保鲜膜减肥法|data/016保鲜膜减肥法|0|0|1352441785|1352441785|2
接吻减肥法|data/017接吻减肥法|0|0|1352442355|1352442355|2
柠檬水减肥法|data/018柠檬水减肥法|0|0|1352443111|1352443111|2
生姜红茶减肥法|data/019生姜红茶减肥法|0|0|1352443233|1352443233|2
经期减肥法|data/020经期减肥法|0|0|1352443730|1352443730|2
走走就能瘦 详解日本合气道走路减肥法|data/021走走就能瘦 详解日本合气道走路减肥法|0|0|1352443788|1352443788|2
神奇颜色减肥法 轻松抑制你的食欲|data/022神奇颜色减肥法 轻松抑制你的食欲|0|0|1352177123|1352177123|2
十三种最常见的推拿减肥手法|data/023十三种最常见的推拿减肥手法|0|0|1352439128|1352439128|2
两分钟脚底按摩减肥法 |data/024两分钟脚底按摩减肥法 |0|0|1352176674|1352176674|2
四大秋季减肥方法 赶走秋膘不费力|data/025四大秋季减肥方法 赶走秋膘不费力|0|0|1352445281|1352445281|2
三周走路减肥计划 快速燃脂耗热量|data/026三周走路减肥计划 快速燃脂耗热量|0|0|1352444747|1352444747|2
掌握五秘诀 逛街也能够减肥|data/027掌握五秘诀 逛街也能够减肥|0|0|1352209551|1352209551|2
清晨做1次爱等于两公里慢跑|data/028清晨做1次爱等于两公里慢跑|0|0|1352199418|1352199418|2
Xbox视频游戏最瘦身的游戏大盘点|data/029Xbox视频游戏最瘦身的游戏大盘点|0|0|1352187316|1352187316|2
拔罐减肥的作用和基本操作|data/030拔罐减肥的作用和基本操作|0|0|1352445508|1352445508|2
瘦身之药物减肥法|data/031瘦身之药物减肥法|0|0|1352446548|1352446548|2
瘦身霜使用的小常识|data/032瘦身霜使用的小常识|0|0|1352446043|1352446043|2
减肥药瘦身的原理|data/033减肥药瘦身的原理|0|0|1352445738|1352445738|2
食物热量的计算|data/000食物热量的计算|0|0|1352448568|1352448568|3
吃出苗条 最聪明的进食时间|data/001吃出苗条 最聪明的进食时间|0|0|1352448817|1352448817|3
十招有效控制食欲|data/002十招有效控制食欲|0|0|1352448933|1352448933|3
八个健康饮食减肥技巧|data/003八个健康饮食减肥技巧|0|0|1352454842|1352454842|3
十一条饮食计让你月变身瘦MM|data/004十一条饮食计让你月变身瘦MM|0|0|1352450399|1352450399|3
饮食去脂10招 简单瘦下去|data/005饮食去脂10招 简单瘦下去|0|0|1352451320|1352451320|3
四步饮食减肥法 21天狂瘦16斤|data/006四步饮食减肥法 21天狂瘦16斤|0|0|1352451577|1352451577|3
一周蔬果减肥计划 享瘦每一天|data/007一周蔬果减肥计划 享瘦每一天|0|0|1352354460|1352354460|3
十种最神奇的快速减肥偏方|data/008十种最神奇的快速减肥偏方|0|0|1352272293|1352272293|3
三套营养减肥早餐搭配方案 好身材吃出来|data/009三套营养减肥早餐搭配方案 好身材吃出来|0|0|1352451809|1352451809|3
女人最爱的暴瘦食物TOP10|data/010女人最爱的暴瘦食物TOP10|0|0|1352362859|1352362859|3
吸脂减重 9种有效减肥食物|data/011吸脂减重 9种有效减肥食物|0|0|1352451985|1352451985|3
盘点9种0卡食物|data/012盘点9种0卡食物|0|0|1352452138|1352452138|3
清晨瘦身排毒必吃8种食物|data/013清晨瘦身排毒必吃8种食物|0|0|1352452256|1352452256|3
十款排毒瘦身粥 快速减肚子|data/014十款排毒瘦身粥 快速减肚子|0|0|1352452371|1352452371|3
具有减肥功能的五种茶叶|data/015具有减肥功能的五种茶叶|0|0|1352296096|1352296096|3
泡菜减肥法 让你九天瘦一圈|data/016泡菜减肥法 让你九天瘦一圈|0|0|1352358402|1352358402|3
夏季吃苦瓜能瘦成“排骨精”|data/017夏季吃苦瓜能瘦成“排骨精”|0|0|1352114746|1352114746|3
菠萝减肥，轻松瘦|data/018菠萝减肥，轻松瘦|0|0|1352453017|1352453017|3
山楂健康减肥食谱 |data/019山楂健康减肥食谱 |0|0|1352360436|1352360436|3
蘑菇减肥大餐 吃出S型曲线|data/020蘑菇减肥大餐 吃出S型曲线|0|0|1352452862|1352452862|3
黄瓜鸡蛋减肥法|data/021黄瓜鸡蛋减肥法|0|0|1352275762|1352275762|3
运动与减肥的关系|data/000运动与减肥的关系|0|0|1352521536|1352521536|4
如何减肥耗能最大 减肥运动能量消耗金字塔|data/001如何减肥耗能最大 减肥运动能量消耗金字塔|0|0|1352184679|1352184679|4
十条加速燃脂运动原则|data/002十条加速燃脂运动原则|0|0|1352292778|1352292778|4
运动减肥 4数字有奇效|data/003运动减肥 4数字有奇效|0|0|1352523405|1352523405|4
有氧VS无氧运动你知道多少|data/004有氧VS无氧运动你知道多少|0|0|1352523557|1352523557|4
九种身边的神奇减肥有氧运动|data/005九种身边的神奇减肥有氧运动|0|0|1352212990|1352212990|4
十大减肥运动 加速脂肪燃烧|data/006十大减肥运动 加速脂肪燃烧|0|0|1352214213|1352214213|4
十二项减肥运动热量消耗排行榜|data/007十二项减肥运动热量消耗排行榜|0|0|1352216567|1352216567|4
五种超实用又省钱的健身法|data/008五种超实用又省钱的健身法|0|0|1352527133|1352527133|4
七种最消耗卡路里的减肥运动|data/009七种最消耗卡路里的减肥运动|0|0|1352527168|1352527168|4
最实用的减肥动作 快速燃脂甩赘肉|data/010最实用的减肥动作 快速燃脂甩赘肉|0|0|1352198157|1352198157|4
健身房最燃脂运动TOP5|data/011健身房最燃脂运动TOP5|0|0|1352291418|1352291418|4
健美操减肥的注意事项|data/012健美操减肥的注意事项|0|0|1352527624|1352527624|4
居家减肥操 拉伸身体塑造纤细苗条身材|data/013居家减肥操 拉伸身体塑造纤细苗条身材|0|0|1352196282|1352196282|4
可爱苹果瘦身操让你疯狂甩肉|data/014可爱苹果瘦身操让你疯狂甩肉|0|0|1352189252|1352189252|4
每天10分钟7步健身操 让你变身瘦人体质|data/015每天10分钟7步健身操 让你变身瘦人体质|0|0|1352185985|1352185985|4
十步减肥操加快燃脂 瘦腿收腹又瘦手臂|data/016十步减肥操加快燃脂 瘦腿收腹又瘦手臂|0|0|1352176353|1352176353|4
十分钟健身操 晋升窈窕淑女|data/017十分钟健身操 晋升窈窕淑女|0|0|1352192945|1352192945|4
睡前10分钟赖床操|data/018睡前10分钟赖床操|0|0|1351941881|1351941881|4
四式减肥燃脂操 拒做椅子上的厚重"土豆"|data/019四式减肥燃脂操 拒做椅子上的厚重"土豆"|0|0|1352185175|1352185175|4
五分钟减肥操 轻松瘦全身|data/020五分钟减肥操 轻松瘦全身|0|0|1352192310|1352192310|4
日本最in塑料袋减肥操|data/021日本最in塑料袋减肥操|0|0|1352202426|1352202426|4
四套毛巾瑜伽操 帮你赶走可怕“游泳圈”|data/022四套毛巾瑜伽操 帮你赶走可怕“游泳圈”|0|0|1352190102|1352190102|4
另类浴缸减肥瑜伽 三式动作“泡”走脂肪|data/023另类浴缸减肥瑜伽 三式动作“泡”走脂肪|0|0|1352188606|1352188606|4
让你迅速变瘦的瑜伽减肥妙招|data/024让你迅速变瘦的瑜伽减肥妙招|0|0|1352527795|1352527795|4
风靡日本的藏式瑜伽|data/025风靡日本的藏式瑜伽|0|0|1352200192|1352200192|4
三个瑜伽动作 足不出户练出好身材|data/026三个瑜伽动作 足不出户练出好身材|0|0|1351927041|1351927041|4
瑜伽减肥初学者五大注意事项|data/027瑜伽减肥初学者五大注意事项|0|0|1352527873|1352527873|4
仰卧起坐减肥完全手册|data/028仰卧起坐减肥完全手册|0|0|1352528094|1352528094|4
日本走路减肥法|data/029日本走路减肥法|0|0|1352277449|1352277449|4
三种意想不到的快瘦新型跑法|data/030三种意想不到的快瘦新型跑法|0|0|1352528596|1352528596|4
走掉多余脂肪 竞走减肥法瘦身最给力|data/031走掉多余脂肪 竞走减肥法瘦身最给力|0|0|1352528859|1352528859|4
原地踏步运动减肥法 高效燃脂甩赘肉|data/032原地踏步运动减肥法 高效燃脂甩赘肉|0|0|1352528998|1352528998|4
跑步机减肥注意事项|data/033跑步机减肥注意事项|0|0|1352529115|1352529115|4
爬山减肥法边玩边减|data/034爬山减肥法边玩边减|0|0|1352290619|1352290619|4
一分钟消耗13大卡的爬楼梯减肥法|data/035一分钟消耗13大卡的爬楼梯减肥法|0|0|1352529302|1352529302|4
自行车减肥全攻略|data/036自行车减肥全攻略|0|0|1352529461|1352529461|4
自行车快速减肥方法 瘦出好心情|data/037自行车快速减肥方法 瘦出好心情|0|0|1352530631|1352530631|4
跳绳减肥的误区|data/038跳绳减肥的误区|0|0|1352173726|1352173726|4
小议转呼啦圈减肥法|data/039小议转呼啦圈减肥法|0|0|1352278573|1352278573|4
怎么瘦腰|data/000怎么瘦腰|0|0|1352530834|1352530834|5
不同类型白领的瘦腰方法|data/001不同类型白领的瘦腰方法|0|0|1352530931|1352530931|5
超有效瘦腰按摩操 按掉肥肉还你小蛮腰|data/002超有效瘦腰按摩操 按掉肥肉还你小蛮腰|0|0|1351942525|1351942525|5
四步腰部减肥操 春夏瘦出小蛮腰|data/004四步腰部减肥操 春夏瘦出小蛮腰|0|0|1351946238|1351946238|5
腰背健身操：就只要你伸伸懒腰就好|data/005腰背健身操：就只要你伸伸懒腰就好|0|0|1352531391|1352531391|5
有氧呼啦圈瘦腰 每日10分钟缔造完美腰线|data/006有氧呼啦圈瘦腰 每日10分钟缔造完美腰线|0|0|1352531895|1352531895|5
五招超有效瘦腰动作|data/007五招超有效瘦腰动作|0|0|1351944215|1351944215|5
简单一个纤腰动作 和水桶腰说拜拜|data/008简单一个纤腰动作 和水桶腰说拜拜|0|0|1352532072|1352532072|5
瘦臀又瘦腰 只要睡前抬腿|data/009瘦臀又瘦腰 只要睡前抬腿|0|0|1351944700|1351944700|5
要瘦腿须注意这四点|data/010要瘦腿须注意这四点|0|0|1352534813|1352534813|5
如何按摩小腿|data/011如何按摩小腿|0|0|1351937462|1351937462|5
瘦大腿的方法|data/012瘦大腿的方法|0|0|1352535017|1352535017|5
怎么减大腿外侧肌肉|data/013怎么减大腿外侧肌肉|0|0|1352535143|1352535143|5
肌肉腿的鉴别和减瘦方法|data/014肌肉腿的鉴别和减瘦方法|0|0|1352535294|1352535294|5
达人分享各种瘦腿方式亲体验|data/015达人分享各种瘦腿方式亲体验|0|0|1351926668|1351926668|5
OL如何巧用一天零碎时间来瘦大腿|data/016OL如何巧用一天零碎时间来瘦大腿|0|0|1351929890|1351929890|5
每天半小时瘦身操 简单5步快速瘦大腿|data/017每天半小时瘦身操 简单5步快速瘦大腿|0|0|1352186883|1352186883|5
每天坚持一分钟 轻松瘦大腿|data/018每天坚持一分钟 轻松瘦大腿|0|0|1352535524|1352535524|5
三个超简单的马步瘦腿操动作|data/019三个超简单的马步瘦腿操动作|0|0|1351921409|1351921409|5
一周减10厘米的强力瘦腿操|data/020一周减10厘米的强力瘦腿操|0|0|1351925501|1351925501|5
六步实用动画瘦腿操 打造夏天“小蜜臀”|data/021六步实用动画瘦腿操 打造夏天“小蜜臀”|0|0|1352188973|1352188973|5
小工具巧利用 性感美腿“拉”出来|data/022小工具巧利用 性感美腿“拉”出来|0|0|1351922017|1351922017|5
瑜伽瘦腿|data/023瑜伽瘦腿|0|0|1351925925|1351925925|5
瑜伽瘦腿：基础动作|data/024瑜伽瘦腿：基础动作|0|0|1351926172|1351926172|5
三步燃脂秘方 帮你摆脱肌肉型小腿|data/025三步燃脂秘方 帮你摆脱肌肉型小腿|0|0|1352535699|1352535699|5
四式瘦腿减肥瑜伽 塑造模特般美腿|data/026四式瘦腿减肥瑜伽 塑造模特般美腿|0|0|1351921375|1351921375|5
超燃脂去肿减肥茶 快速瘦腿不反弹|data/027超燃脂去肿减肥茶 快速瘦腿不反弹|0|0|1351926315|1351926315|5
瘦臀有道 4个法则变美臀美眉|data/028瘦臀有道 4个法则变美臀美眉|0|0|1352536086|1352536086|5
美臀四高招 甩掉胖屁屁|data/029美臀四高招 甩掉胖屁屁|0|0|1352106974|1352106974|5
教练推荐简单臀部减肥塑身操|data/030教练推荐简单臀部减肥塑身操|0|0|1352105849|1352105849|5
风靡韩国的三步提臀体操|data/031风靡韩国的三步提臀体操|0|0|1352101969|1352101969|5
简单3步的踢腿提臀操|data/032简单3步的踢腿提臀操|0|0|1352105037|1352105037|5
四步速效椅子紧翘提臀操|data/033四步速效椅子紧翘提臀操|0|0|1352105375|1352105375|5
拖把操练成男人最爱性感翘臀|data/034拖把操练成男人最爱性感翘臀|0|0|1352104694|1352104694|5
小美女的三步跪姿翘臀操|data/035小美女的三步跪姿翘臀操|0|0|1352099794|1352099794|5
运动塑身 OL最爱5分钟瘦臀操|data/036运动塑身 OL最爱5分钟瘦臀操|0|0|1352536375|1352536375|5
两套椅背瑜伽动作练就性感小电臀|data/037两套椅背瑜伽动作练就性感小电臀|0|0|1352097170|1352097170|5
简易瘦臀法 拒做大臀部女|data/038简易瘦臀法 拒做大臀部女|0|0|1352104303|1352104303|5
床上轻松四个动作拥有小翘臀|data/039床上轻松四个动作拥有小翘臀|0|0|1352101628|1352101628|5
五个提臀微运动打造迷人电臀|data/040五个提臀微运动打造迷人电臀|0|0|1352537426|1352537426|5
六个动作紧致结实 塑造模特般翘翘臀|data/041六个动作紧致结实 塑造模特般翘翘臀|0|0|1352099518|1352099518|5
注意走路姿势 帮你瘦腰翘臀|data/042注意走路姿势 帮你瘦腰翘臀|0|0|1352098904|1352098904|5
一分钟简易按摩 完美臀部曲线|data/043一分钟简易按摩 完美臀部曲线|0|0|1352106014|1352106014|5
pa三阶段美臀纤腿按摩法|data/044pa三阶段美臀纤腿按摩法|0|0|1352103136|1352103136|5
美味营养餐 工作日瘦身又减臀|data/045美味营养餐 工作日瘦身又减臀|0|0|1352537501|1352537501|5
“小腹婆”4大成因及解决办法|data/046“小腹婆”4大成因及解决办法|0|0|1352537569|1352537569|5
超实用减肚子方案 彻底甩掉腰腹部赘肉|data/047超实用减肚子方案 彻底甩掉腰腹部赘肉|0|0|1352537695|1352537695|5
腹部减肥最佳方法 七招帮你甩掉小肚腩|data/048腹部减肥最佳方法 七招帮你甩掉小肚腩|0|0|1352538043|1352538043|5
两招居家瑜伽减肚子 快速变成“小腰精”|data/049两招居家瑜伽减肚子 快速变成“小腰精”|0|0|1351948610|1351948610|5
六个动作让你自信露出平坦小腹|data/050六个动作让你自信露出平坦小腹|0|0|1352190381|1352190381|5
六个瘦小腹瑜伽动作 快速减掉腹部赘肉|data/051六个瘦小腹瑜伽动作 快速减掉腹部赘肉|0|0|1351949684|1351949684|5
六式简单家庭瑜伽 不费劲减肚子一周见效|data/052六式简单家庭瑜伽 不费劲减肚子一周见效|0|0|1352186249|1352186249|5
十二个减肥动作 练就诱人小腹|data/053十二个减肥动作 练就诱人小腹|0|0|1352538219|1352538219|5
五个瘦腹减肥动作 轻松平坦小腹|data/054五个瘦腹减肥动作 轻松平坦小腹|0|0|1351948051|1351948051|5
五个秘诀三周消除小肚子|data/055五个秘诀三周消除小肚子|0|0|1352538274|1352538274|5
减肥怎么减肚子 地铁里收腹最有效|data/056减肥怎么减肚子 地铁里收腹最有效|0|0|1352184175|1352184175|5
六个饮食小窍门 让大肚腩变平坦|data/057六个饮食小窍门 让大肚腩变平坦|0|0|1352538458|1352538458|5
有效瘦手臂小招|data/058有效瘦手臂小招|0|0|1352115065|1352115065|5
OL如何瘦小臂最有效|data/059OL如何瘦小臂最有效|0|0|1351926593|1351926593|5
四招甩掉蝴蝶袖 吊带抹胸任穿|data/060四招甩掉蝴蝶袖 吊带抹胸任穿|0|0|1352540314|1352540314|5
成就美丽细臂 仅需6步小动作|data/061成就美丽细臂 仅需6步小动作|0|0|1352128026|1352128026|5
OL瘦臂操 5分钟练出修长美臂|data/062OL瘦臂操 5分钟练出修长美臂|0|0|1352098746|1352098746|5
韩国MM示范瘦手臂简易4步骤|data/063韩国MM示范瘦手臂简易4步骤|0|0|1352129010|1352129010|5
粗臂MM超有效瘦手臂的减肥操|data/064粗臂MM超有效瘦手臂的减肥操|0|0|1352120157|1352120157|5
三步瑜伽操 搞定手臂难减赘肉|data/065三步瑜伽操 搞定手臂难减赘肉|0|0|1352116118|1352116118|5
简单高效的椅子细臂操|data/066简单高效的椅子细臂操|0|0|1352170283|1352170283|5
双手画圆 划走胳膊上的脂肪|data/067双手画圆 划走胳膊上的脂肪|0|0|1352108518|1352108518|5
手把手教你如何经络按摩瘦手臂|data/068手把手教你如何经络按摩瘦手臂|0|0|1352098582|1352098582|5
睡前10分钟 夫妻一起来瘦臂|data/069睡前10分钟 夫妻一起来瘦臂|0|0|1352170169|1352170169|5
怎么瘦脸|data/070怎么瘦脸|0|0|1352540982|1352540982|5
四个方法重塑脸部轮廓　轻松变小脸|data/071四个方法重塑脸部轮廓　轻松变小脸|0|0|1351938494|1351938494|5
五招让大肥脸变V脸小美人|data/072五招让大肥脸变V脸小美人|0|0|1352541226|1352541226|5
如何通过按摩来瘦脸|data/073如何通过按摩来瘦脸|0|0|1351931252|1351931252|5
精油按摩瘦脸法 一周按出芭比精致小脸|data/074精油按摩瘦脸法 一周按出芭比精致小脸|0|0|1351932855|1351932855|5
瘦脸针全面看 安全塑造小V脸|data/075瘦脸针全面看 安全塑造小V脸|0|0|1352541324|1352541324|5
五步按摩法击退下颌脂肪|data/076五步按摩法击退下颌脂肪|0|0|1351932565|1351932565|5
睡前巧打造优美锁骨曲线美人|data/077睡前巧打造优美锁骨曲线美人|0|0|1352170964|1352170964|5
自制三大天然面膜瘦脸又美容|data/078自制三大天然面膜瘦脸又美容|0|0|1352542093|1352542093|5
八大非主流瘦脸法|data/079八大非主流瘦脸法|0|0|1352553281|1352553281|5
医疗美容瘦脸方法有哪些|data/080医疗美容瘦脸方法有哪些|0|0|1351935401|1351935401|5
大s瘦脸方法 打瘦脸针和按摩瘦脸|data/081大s瘦脸方法 打瘦脸针和按摩瘦脸|0|0|1352554817|1352554817|5
背部减肥方法有哪些|data/082背部减肥方法有哪些|0|0|1352557259|1352557259|5
减上身 小窍门教你瘦背美胸|data/083减上身 小窍门教你瘦背美胸|0|0|1352128677|1352128677|5
超简单塑造性感美背线条|data/084超简单塑造性感美背线条|0|0|1352170644|1352170644|5
告别肥背来做瘦身健美操|data/085告别肥背来做瘦身健美操|0|0|1352171750|1352171750|5
十一个常见减肥问答|data/001十一个常见减肥问答|0|0|1352555732|1352555732|6
碳水化合物和脂肪是哪里来的?|data/002碳水化合物和脂肪是哪里来的?|0|0|1352555848|1352555848|6
减肥平台期|data/003减肥平台期|0|0|1352556045|1352556045|6
减肥停滞期各个击破 让你真正瘦下来|data/004减肥停滞期各个击破 让你真正瘦下来|0|0|1352556205|1352556205|6
如何快速减肥|data/005如何快速减肥|0|0|1352556472|1352556472|6
一个月瘦多少斤比较好？|data/006一个月瘦多少斤比较好？|0|0|1352556720|1352556720|6
为什么早上起来体重会变轻？|data/007为什么早上起来体重会变轻？|0|0|1352557033|1352557033|6
减肥会不会也减胸？|data/008减肥会不会也减胸？|0|0|1352557608|1352557608|6
节食减肥导致胸下垂，怎么修复呢|data/009节食减肥导致胸下垂，怎么修复呢|0|0|1352297208|1352297208|6
如何可以既减肥又丰胸|data/010如何可以既减肥又丰胸|0|0|1352557949|1352557949|6
为什么我怎么减肥也减不下去?|data/011为什么我怎么减肥也减不下去?|0|0|1352558117|1352558117|6
为什么腰（胳膊、臀）细了体重没变？|data/012为什么腰（胳膊、臀）细了体重没变？|0|0|1352558442|1352558442|6
为什么运动了还是没有瘦下来|data/013为什么运动了还是没有瘦下来|0|0|1352558613|1352558613|6
运动不瘦？冲破五大运动盲点|data/014运动不瘦？冲破五大运动盲点|0|0|1352558867|1352558867|6
办公室女性如何避免发胖?|data/015办公室女性如何避免发胖?|0|0|1352558946|1352558946|6
生完小孩多久可以开始减肥？|data/016生完小孩多久可以开始减肥？|0|0|1352559030|1352559030|6
要上晚班的怎么减肥?|data/017要上晚班的怎么减肥?|0|0|1352559191|1352559191|6
经期瘦身Q&A 月经来了大吃大喝也会胖|data/018经期瘦身Q&A 月经来了大吃大喝也会胖|0|0|1352559292|1352559292|6
拉肚子可以减肥吗|data/019拉肚子可以减肥吗|0|0|1352559401|1352559401|6
慢跑小腿会变粗吗？|data/020慢跑小腿会变粗吗？|0|0|1352559646|1352559646|6
跳绳减肥问答教你正确运动减肥|data/021跳绳减肥问答教你正确运动减肥|0|0|1352198284|1352198284|6
四种器械让你拥有完美的背影|data/022四种器械让你拥有完美的背影|0|0|1352116526|1352116526|6
成功减肥后还要节食和运动吗？|data/023成功减肥后还要节食和运动吗？|0|0|1352559898|1352559898|6
减肥反弹后再减肥有什么方法吗？|data/024减肥反弹后再减肥有什么方法吗？|0|0|1352559938|1352559938|6
五大减肥失败原因排行榜|data/001五大减肥失败原因排行榜|0|0|1352344298|1352344298|7
十大减肥误区|data/002十大减肥误区|0|0|1352560128|1352560128|7
影响减肥效果的几个误区|data/003影响减肥效果的几个误区|0|0|1352560255|1352560255|7
盘点最容易反弹的六大减肥方法|data/004盘点最容易反弹的六大减肥方法|0|0|1352560428|1352560428|7
饮食减肥的六大误区|data/005饮食减肥的六大误区|0|0|1352307649|1352307649|7
饮食减肥 这3种食物定要忌食|data/006饮食减肥 这3种食物定要忌食|0|0|1352560933|1352560933|7
避开运动减肥误区 健康轻松瘦身|data/007避开运动减肥误区 健康轻松瘦身|0|0|1352561250|1352561250|7
运动减肥健身后 不要立即洗澡|data/008运动减肥健身后 不要立即洗澡|0|0|1352561319|1352561319|7
警惕！秋季运动减肥后不能随意喝水|data/009警惕！秋季运动减肥后不能随意喝水|0|0|1352191572|1352191572|7
专家提示练瑜伽注意3大误区|data/010专家提示练瑜伽注意3大误区|0|0|1352190963|1352190963|7
小心：这三种方法不减重还会变成肌肉女|data/011小心：这三种方法不减重还会变成肌肉女|0|0|1352184338|1352184338|7
穿错内裤让你臀部变大变下垂|data/012穿错内裤让你臀部变大变下垂|0|0|1352102967|1352102967|7
7个生活的恶习会使屁股肥大|data/0137个生活的恶习会使屁股肥大|0|0|1352096644|1352096644|7
